match_url,competition_name,competition_year,player_stats
https://www.fotmob.com/matches/columbus-crew-vs-seattle-sounders-fc/49u3ej7#4386775,mls,2024,"{\"Shirt_Numbers\":\"[]\",\"SPI_Scores\":\"[]\",\"Player_Names\":\"[]\"}"
https://www.fotmob.com/matches/real-salt-lake-vs-seattle-sounders-fc/4b7c0hu#4386777,mls,2024,"{\"Shirt_Numbers\":\"[35, 26, 15, 4, 98, 14, 92, 11, 25, 8, 29, 9, 11, 10, 30, 19, 24, 5, 4, 2, 29, 16, 9, 91, 6, 10, 15, 22, 14, 23, 21]\",\"SPI_Scores\":\"[5.6, 6.9, 5.9, 6.8, 6.4, 6.3, 6.6, 7.7, 6.8, 8.3, 7.2, 6.2, 7.9, 8.1, 6.9, 6.4, 6.9, 6.2, 5.3, 7.7, 5.9, 6.0, 6.9, 6.6, 6.5, 7.5, 6.3, 6.7, 7.0, 5.8, 6.4]\",\"Player_Names\":\"[Gavin Beavers, Philip Quinton, Justen Glad, Brayan Vera, Alexandros Katranis, Emeka Eneli, Noel Caliskan, Dominik Marczuk, Matt Crooks, Diego Luna, Anderson Julio, Felipe Mora, Antony, Evander Ferreira, Santiago Moreno, Eryk Williamson, David Ayala, Claudio Bravo, Kamal Miller, Miguel Araujo, Juan Mosquera, Maxime Crepeau, Cristian Arango, Javain Brown, Braian Ojeda, Diogo Goncalves, Eric Miller, Cristhian Paredes, Jonathan Rodriguez, Mason Toye, Diego Chara]\"}"
https://www.fotmob.com/matches/nashville-sc-vs-inter-miami-cf/mguemrso#4386845,mls,2024,"{\"Shirt_Numbers\":\"[22, 25, 4, 21, 2, 27, 20, 6, 13, 7, 10, 13, 14, 11, 10, 7, 8, 21, 25, 28, 16, 26, 12, 17, 14, 5, 93, 15, 4, 75]\",\"SPI_Scores\":\"[5.3, 6.1, 4.7, 5.2, 6.2, 6.9, 6.8, 6.7, 5.9, 6.2, 6.5, 8.5, 7.9, 9.7, 6.7, 7.9, 8.2, 7.4, 7.5, 7.5, 7.6, 7.4, 6.1, 6.0, 6.4, 6.0, 6.4, 6.3, 6.1, 6.5]\",\"Player_Names\":\"[Abraham Romero, Sean Zawadzki, Rudy Camacho, Evgen Cheberko, Marcelo Herrera, Max Arfsten, Alexandru Matan, Darlington Nagbe, Aziel Jackson, Dylan Chambost, Diego Rossi, Jordan Morris, Paul Rothrock, Albert Rusnak, Pedro De la Vega, Cristian Roldan, Joshua Atencio, Reed Baker-Whiting, Jackson Ragen, Yeimar Gomez, Alex Roldan, Andrew Thomas, DeJuan Jones, Christian Ramirez, Yaw Yeboah, Derrick Jones, Georgi Minoungou, Jon Bell, Nathan, Danny Leyva]\"}"
https://www.fotmob.com/matches/vancouver-whitecaps-vs-los-angeles-fc/8t3ytgca#4387019,mls,2024,"{\"Shirt_Numbers\":\"[]\",\"SPI_Scores\":\"[]\",\"Player_Names\":\"[]\"}"
https://www.fotmob.com/matches/houston-dynamo-fc-vs-vancouver-whitecaps/mxgj98c#4387060,mls,2024,"{\"Shirt_Numbers\":\"[1, 22, 25, 5, 2, 16, 54, 11, 10, 9, 12, 20, 8, 24, 30, 55, 42, 18, 5, 27, 17, 1, 6, 27, 21, 15, 16]\",\"SPI_Scores\":\"[6.5, 6.4, 6.4, 6.2, 6.3, 5.7, 6.4, 6.9, 7.3, 6.3, 6.0, 7.4, 6.4, 8.2, 7.3, 7.7, 7.0, 8.3, 7.3, 6.7, 8.3, 7.5, 6.9, 6.6, 7.0, 6.2, 6.5]\",\"Player_Names\":\"[Joe Willis, Josh Bauer, Walker Zimmerman, Jack Maher, Daniel Lovitz, Dru Yearwood, Sean Davis, Tyler Boyd, Hany Mukhtar, Sam Surridge, Teal Bunbury, Diego Gomez, Leonardo Campana, Julian Gressel, Benjamin Cremaschi, Federico Redondo, Yannick Bright, Jordi Alba, Sergio Busquets, Serhiy Kryvtsov, Ian Fray, Drake Callender, Amar Sejdic, Brian Anunga, Forster Ajago, Ryan Sailor, Robert Taylor]\"}"
https://www.fotmob.com/matches/orlando-city-vs-inter-miami-cf/9mofvtm3#4386752,mls,2024,"{\"Shirt_Numbers\":\"[1, 5, 25, 33, 14, 11, 8, 24, 13, 19, 99, 11, 24, 25, 45, 20, 26, 3, 4, 6, 16, 1, 20, 9, 22, 8]\",\"SPI_Scores\":\"[7.8, 6.5, 7.8, 6.8, 7.5, 6.9, 6.8, 7.4, 6.2, 8.2, 7.0, 6.0, 5.9, 7.4, 6.2, 6.4, 7.4, 7.0, 6.3, 6.7, 6.3, 5.8, 6.2, 6.6, 6.9, 6.4]\",\"Player_Names\":\"[Hugo Lloris, Marlon, Maxime Chanot, Aaron Long, Sergi Palencia, Timothy Tillman, Lewis O'Brien, Ryan Hollingshead, Cristian Olivera, Mateusz Bogusz, Denis Bouanga, Fabrice Picault, Brian White, Ryan Gauld, Pedro Vite, Andrés Cubas, Stuart Armstrong, Sam Adekugbe, Ranko Veselinovic, Tristan Blackmon, Sebastian Berhalter, Yohei Takaoka, Eduard Atuesta, Olivier Giroud, Ali Ahmed, Alessandro Schöpf]\"}"
https://www.fotmob.com/matches/fc-dallas-vs-new-york-red-bulls/1dn8uz#4386616,mls,2024,"{\"Shirt_Numbers\":\"[12, 25, 28, 31, 2, 20, 6, 27, 8, 18, 10, 11, 25, 3, 45, 16, 7, 20, 15, 4, 2, 1, 35, 15, 5, 14, 8, 13, 24, 18]\",\"SPI_Scores\":\"[7.0, 6.7, 6.6, 6.3, 7.0, 6.9, 7.4, 6.5, 7.2, 6.6, 7.4, 7.8, 6.8, 6.5, 5.7, 7.1, 6.6, 6.2, 7.5, 7.3, 7.4, 6.4, 6.2, 6.2, 6.1, 5.9, 6.4, 6.5, 7.3, 6.4]\",\"Player_Names\":\"[Steve Clark, Griffin Dorsey, Erik Sviatchenko, Micael, Franco Escobar, Adalberto Carrasquilla, Artur, Sebastian Kowalczyk, Amine Bassi, Ibrahim Aliyu, Ezequiel Ponce, Fabrice Picault, Ryan Gauld, Sam Adekugbe, Pedro Vite, Sebastian Berhalter, Ryan Raposo, Andrés Cubas, Bjørn Inge Utvik, Ranko Veselinovic, Mathias Laborda, Yohei Takaoka, Brooklyn Raines, Latif Blessing, Daniel Steres, McKinze Gaines, Alessandro Schöpf, Ralph Priso-Mbongue, Brian White, Edier Ocampo]\"}"
https://www.fotmob.com/matches/la-galaxy-vs-colorado-rapids/1ujvja#4662934,mls,2024,"{\"Shirt_Numbers\":\"[]\",\"SPI_Scores\":\"[]\",\"Player_Names\":\"[]\"}"
https://www.fotmob.com/matches/chicago-fire-fc-vs-new-york-red-bulls/1dmoxm#4386957,mls,2024,"{\"Shirt_Numbers\":\"[31, 6, 15, 3, 47, 8, 75, 5, 10, 9, 11, 9, 77, 10, 11, 8, 18, 7, 29, 17, 22, 30, 17, 7, 19, 6, 31, 23]\",\"SPI_Scores\":\"[6.5, 7.2, 7.0, 7.4, 7.3, 7.5, 7.9, 6.8, 8.9, 8.2, 6.5, 6.4, 6.2, 7.9, 6.2, 7.2, 6.1, 6.9, 7.1, 6.8, 6.6, 8.0, 6.2, 6.8, 6.6, 6.1, 5.8, 6.4]\",\"Player_Names\":\"[Carlos Miguel, Kyle Duncan, Sean Nealis, Noah Eile, John Tolkin, Frankie Amaya, Daniel Edelman, Peter Stroud, Emil Forsberg, Lewis Morgan, Elias Manoel, Petar Musa, Bernard Kamungo, Jesus Ferreira, Dante Sealy, Sebastian Lletget, Liam Fraser, Paul Arriola, Sam Junqua, Nkosi Tafari, Ema Twumasi, Maarten Paes, Cameron Harper, Cory Burke, Wikelman Carmona, Patrickson Delgado, Eugene Ansah, Logan Farrington]\"}"
https://www.fotmob.com/matches/portland-timbers-vs-austin-fc/evaku77m#4386782,mls,2024,"{\"Shirt_Numbers\":\"[95, 4, 5, 6, 2, 3, 18, 20, 91, 10, 9, 28, 9, 11, 10, 20, 8, 14, 4, 25, 2, 77, 11, 14, 7, 5, 18, 7]\",\"SPI_Scores\":\"[4.6, 5.9, 6.2, 6.5, 6.3, 6.6, 8.1, 6.9, 6.2, 6.5, 6.9, 8.3, 6.6, 8.9, 9.1, 6.9, 6.8, 7.0, 7.7, 6.9, 7.2, 7.1, 6.2, 6.0, 5.8, 6.3, 6.2, 7.2]\",\"Player_Names\":\"[Zack Steffen, Reggie Cannon, Andreas Maxsø, Lalas Abubakar, Keegan Rosenberry, Samuel Vines, Oliver Larraz, Connor Ronan, Kévin Cabral, Djordje Mihailovic, Rafael Navarro, Joseph Paintsil, Dejan Joveljic, Gabriel Pec, Ricard Puig, Edwin Cerrillo, Marco Delgado, John Nelson, Maya Yoshida, Carlos Garces, Miki Yamane, John McCarthy, Omir Fernandez, Calvin Harris, Jonathan Lewis, Gaston Brugman, Marco Reus, Diego Fagundez]\"}"
https://www.fotmob.com/matches/new-york-red-bulls-vs-new-york-city-fc/1y6hxcay#4663699,mls,2024,"{\"Shirt_Numbers\":\"[]\",\"SPI_Scores\":\"[]\",\"Player_Names\":\"[]\"}"
https://www.fotmob.com/matches/vancouver-whitecaps-vs-los-angeles-fc/8t3ytgca#4662936,mls,2024,"{\"Shirt_Numbers\":\"[]\",\"SPI_Scores\":\"[]\",\"Player_Names\":\"[]\"}"
https://www.fotmob.com/matches/houston-dynamo-fc-vs-colorado-rapids/29ruzh#4386648,mls,2024,"{\"Shirt_Numbers\":\"[49, 35, 13, 80, 22, 55, 6, 17, 27, 10, 16, 9, 13, 10, 20, 75, 47, 17, 15, 4, 12, 31, 8, 3, 5]\",\"SPI_Scores\":\"[5.3, 6.1, 7.3, 7.0, 6.3, 7.3, 6.6, 7.0, 7.4, 7.4, 6.4, 6.7, 8.2, 7.0, 7.7, 7.0, 7.9, 6.9, 7.3, 7.5, 7.1, 9.0, 6.5, 6.6, 6.6]\",\"Player_Names\":\"[Matt Freese, Mitja Ilenic, Thiago Martins, Justin Haak, Kevin O'Toole, Keaton Parks, James Sands, Hannes Wolf, Maxi Moralez, Santiago Rodriguez, Alonso Martinez, Lewis Morgan, Dante Vanzeir, Emil Forsberg, Felipe Carballo, Daniel Edelman, John Tolkin, Cameron Harper, Sean Nealis, Andres Reyes, Dylan Nealis, Carlos Miguel, Andres Perea, Noah Eile, Peter Stroud]\"}"
https://www.fotmob.com/matches/orlando-city-vs-los-angeles-fc/87y5mjhn#4386766,mls,2024,"{\"Shirt_Numbers\":\"[1, 5, 25, 33, 14, 11, 8, 24, 13, 19, 99, 11, 24, 25, 45, 20, 26, 3, 4, 6, 16, 1, 20, 9, 22, 8]\",\"SPI_Scores\":\"[7.8, 6.5, 7.8, 6.8, 7.5, 6.9, 6.8, 7.4, 6.2, 8.2, 7.0, 6.0, 5.9, 7.4, 6.2, 6.4, 7.4, 7.0, 6.3, 6.7, 6.3, 5.8, 6.2, 6.6, 6.9, 6.4]\",\"Player_Names\":\"[Hugo Lloris, Marlon, Maxime Chanot, Aaron Long, Sergi Palencia, Timothy Tillman, Lewis O'Brien, Ryan Hollingshead, Cristian Olivera, Mateusz Bogusz, Denis Bouanga, Fabrice Picault, Brian White, Ryan Gauld, Pedro Vite, Andrés Cubas, Stuart Armstrong, Sam Adekugbe, Ranko Veselinovic, Tristan Blackmon, Sebastian Berhalter, Yohei Takaoka, Eduard Atuesta, Olivier Giroud, Ali Ahmed, Alessandro Schöpf]\"}"
https://www.fotmob.com/matches/toronto-fc-vs-nashville-sc/614pbftl#4387039,mls,2024,"{\"Shirt_Numbers\":\"[]\",\"SPI_Scores\":\"[]\",\"Player_Names\":\"[]\"}"
https://www.fotmob.com/matches/philadelphia-union-vs-charlotte-fc/ennv92rs#4386874,mls,2024,"{\"Shirt_Numbers\":\"[31, 17, 15, 6, 3, 10, 14, 5, 77, 13, 9, 99, 23, 19, 20, 6, 11, 24, 33, 3, 14, 1, 11, 27, 2, 18, 4, 25]\",\"SPI_Scores\":\"[6.1, 6.8, 6.1, 7.0, 7.0, 7.2, 6.8, 6.3, 6.8, 6.1, 7.6, 9.6, 6.9, 8.1, 6.7, 7.6, 7.8, 7.8, 7.5, 7.2, 8.0, 6.3, 7.6, 6.0, 6.1, 6.3, 6.1, 6.5]\",\"Player_Names\":\"[Mason Stajduhar, Dagur Dan Thorhallsson, Rodrigo Adrián Schlegel, Robin Jansson, Rafael Santos, Facundo Torres, Nicolás Lodeiro, Cesar Araujo, Ivan Angulo, Duncan McGuire, Luis Muriel, Denis Bouanga, Kei Ansu Kamara, Mateusz Bogusz, Eduard Atuesta, Ilie Sanchez, Timothy Tillman, Ryan Hollingshead, Aaron Long, Jesus Murillo, Sergi Palencia, Hugo Lloris, Martin Ojeda, Jack Lynn, Omar Campos, Erik Duenas, Eddie Segura, Maxime Chanot]\"}"
https://www.fotmob.com/matches/sporting-kansas-city-vs-st-louis-city/d4pn8vt4#4386704,mls,2024,"{\"Shirt_Numbers\":\"[]\",\"SPI_Scores\":\"[]\",\"Player_Names\":\"[]\"}"
https://www.fotmob.com/matches/new-york-red-bulls-vs-inter-miami-cf/5yw3ipv7#4386653,mls,2024,"{\"Shirt_Numbers\":\"[18, 15, 5, 3, 27, 8, 33, 11, 10, 28, 9, 33, 38, 15, 18, 8, 13, 20, 34, 29, 14, 1, 7, 20, 9, 25, 21, 23, 36]\",\"SPI_Scores\":\"[7.1, 7.1, 7.5, 7.9, 7.7, 8.1, 7.0, 7.6, 7.8, 7.8, 6.7, 6.0, 6.4, 6.4, 6.1, 6.7, 6.2, 7.2, 6.4, 6.4, 6.4, 6.5, 6.1, 6.3, 5.7, 5.9, 6.2, 6.2, 6.2]\",\"Player_Names\":\"[Andre Blake, Olivier Mbaizo, Jakob Glesnes, Jack Elliott, Kai Wagner, Jose Andres Martinez, Quinn Sullivan, Alejandro Bedoya, Daniel Gazdag, Tai Baribo, Samuel Adeniran, Patrick Agyemang, Iuri Tavares, Ben Bender, Kerwin Vargas, Ashley Westwood, Brandt Bronico, Joao Pedro, Andrew Privett, Adilson Malanda, Nathan Byrne, Kristijan Kahlina, Mikael Uhre, Jesus Bueno, Karol Swiderski, Tyger Smalls, Jere Uronen, Nikola Petkovic, Brandon Cambridge]\"}"
https://www.fotmob.com/matches/new-england-revolution-vs-new-york-city-fc/1y73nbgv#4386729,mls,2024,"{\"Shirt_Numbers\":\"[]\",\"SPI_Scores\":\"[]\",\"Player_Names\":\"[]\"}"
https://www.fotmob.com/matches/fc-cincinnati-vs-st-louis-city/thzzih8r#4386742,mls,2024,"{\"Shirt_Numbers\":\"[]\",\"SPI_Scores\":\"[]\",\"Player_Names\":\"[]\"}"
https://www.fotmob.com/matches/chicago-fire-fc-vs-inter-miami-cf/5yu85bd7#4386902,mls,2024,"{\"Shirt_Numbers\":\"[]\",\"SPI_Scores\":\"[]\",\"Player_Names\":\"[]\"}"
https://www.fotmob.com/matches/houston-dynamo-fc-vs-los-angeles-fc/4w2uc2oe#4386889,mls,2024,"{\"Shirt_Numbers\":\"[18, 4, 21, 32, 15, 23, 5, 20, 10, 7, 22, 9, 16, 12, 85, 6, 25, 44, 4, 22, 20, 1, 19, 27, 17, 26, 7, 8, 19, 10]\",\"SPI_Scores\":\"[7.4, 7.3, 5.0, 6.9, 6.9, 7.8, 8.0, 7.7, 9.5, 7.7, 6.2, 6.1, 6.4, 5.7, 5.8, 6.4, 6.6, 6.7, 6.9, 6.2, 7.1, 7.0, 6.5, 6.5, 7.5, 6.5, 6.7, 6.2, 6.3, 6.0]\",\"Player_Names\":\"[Roman Celentano, Nick Hagglund, Matt Miazga, Ian Murphy, Bret Halsey, Luca Orellano, Obinna Nwobodo, Pavel Bucha, Luciano Acosta, Yuya Kubo, Gerardo Valenzuela, Joao Klauss, Samuel Adeniran, Celio Pompeu, Hosei Kijima, Njabulo Blom, Aziel Jackson, Nikolas Dyhr, Joakim Nilsson, Kyle Hiebert, Akil Watts, Roman Bürki, Kevin Kelsy, Yamil Asad, Sergio Santos, Tim Parker, Tomas Ostrak, Christopher Durkin, Indiana Vassilev, Eduard Löwen]\"}"
https://www.fotmob.com/matches/chicago-fire-fc-vs-cf-montreal/6g97ptd#4387059,mls,2024,"{\"Shirt_Numbers\":\"[]\",\"SPI_Scores\":\"[]\",\"Player_Names\":\"[]\"}"
https://www.fotmob.com/matches/new-england-revolution-vs-toronto-fc/wus3zd#4386787,mls,2024,"{\"Shirt_Numbers\":\"[]\",\"SPI_Scores\":\"[]\",\"Player_Names\":\"[]\"}"
https://www.fotmob.com/matches/atlanta-united-vs-nashville-sc/i7uspl26#4386744,mls,2024,"{\"Shirt_Numbers\":\"[]\",\"SPI_Scores\":\"[]\",\"Player_Names\":\"[]\"}"
https://www.fotmob.com/matches/san-jose-earthquakes-vs-houston-dynamo-fc/1trfsc#4386905,mls,2024,"{\"Shirt_Numbers\":\"[]\",\"SPI_Scores\":\"[]\",\"Player_Names\":\"[]\"}"
https://www.fotmob.com/matches/fc-dallas-vs-dc-united/1eborb#4386947,mls,2024,"{\"Shirt_Numbers\":\"[1, 11, 5, 3, 18, 35, 6, 9, 59, 16, 19, 9, 12, 10, 19, 20, 27, 2, 5, 25, 18, 1, 20, 13, 8, 29, 21]\",\"SPI_Scores\":\"[5.4, 6.5, 6.1, 6.3, 5.9, 7.0, 6.3, 7.0, 6.7, 5.8, 6.5, 7.5, 8.2, 8.5, 7.8, 7.4, 7.7, 7.4, 7.2, 7.5, 7.3, 8.1, 6.5, 5.8, 6.3, 6.1, 6.3]\",\"Player_Names\":\"[Brad Guzan, Brooks Lennon, Stian Gregersen, Derrick Williams, Pedro Amador, Ajani Fortune, Bartosz Slisz, Saba Lobzhanidze, Aleksey Miranchuk, Xande Silva, Daniel Rios, Sam Surridge, Teal Bunbury, Hany Mukhtar, Alex Muyl, Anibal Godoy, Brian Anunga, Daniel Lovitz, Jack Maher, Walker Zimmerman, Shaq Moore, Joe Willis, Edwin Mosquera, Dax McCarty, Tristan Muyumba, Jamal Thiaré, Forster Ajago]\"}"
https://www.fotmob.com/matches/orlando-city-vs-fc-cincinnati/695s1t43#4386681,mls,2024,"{\"Shirt_Numbers\":\"[]\",\"SPI_Scores\":\"[]\",\"Player_Names\":\"[]\"}"
https://www.fotmob.com/matches/nashville-sc-vs-charlotte-fc/w09mkcmd#4386689,mls,2024,"{\"Shirt_Numbers\":\"[24, 11, 45, 3, 28, 5, 8, 43, 21, 20, 23, 23, 16, 8, 14, 21, 7, 5, 4, 17, 25, 30, 22, 14, 4, 10, 7, 10, 29]\",\"SPI_Scores\":\"[5.4, 5.1, 6.4, 5.6, 6.8, 5.7, 7.1, 6.6, 7.3, 8.4, 6.4, 6.6, 7.9, 9.3, 8.1, 6.9, 8.0, 7.7, 5.6, 7.1, 6.3, 6.4, 6.8, 7.0, 6.9, 5.9, 6.0, 6.4, 6.5]\",\"Player_Names\":\"[Alex Bono, Cristian Dajome, Matai Akinmboni, Lucas Bartlett, David Schnegg, Boris Enow, Jared Stroud, Mateusz Klich, Theodore Ku-DiPietro, Christian Benteke, Dominique Badji, Logan Farrington, Tsiki Ntsabeleng, Sebastian Lletget, Asier Illarramendi, Manuel Cafumana, Paul Arriola, Ruan, Marco Farfan, Nkosi Tafari, Sebastien Ibeagha, Maarten Paes, Aaron Herrera, Martin Rodriguez, Matti Peltola, Gabriel Pirani, Pedro Santos, Jesus Ferreira, Sam Junqua]\"}"
https://www.fotmob.com/matches/colorado-rapids-vs-austin-fc/9lxf18pm#4387290,mls,2024,"{\"Shirt_Numbers\":\"[18, 2, 12, 16, 91, 27, 20, 5, 10, 19, 9, 9, 7, 77, 16, 5, 10, 3, 6, 15, 24, 1, 7, 32, 23, 11, 14]\",\"SPI_Scores\":\"[4.3, 7.0, 6.2, 7.4, 7.1, 7.4, 6.8, 7.1, 8.3, 5.7, 6.4, 6.4, 9.1, 8.7, 7.3, 7.5, 7.3, 7.0, 7.2, 6.7, 7.5, 7.3, 5.8, 6.7, 5.6, 6.5, 6.3]\",\"Player_Names\":\"[Roman Celentano, Alvas Elvis Powell, Miles Robinson, Teenage Lingani Hadebe, DeAndre Yedlin, Yamil Asad, Pavel Bucha, Obinna Nwobodo, Luciano Acosta, Kevin Kelsy, Nicholas Gioacchini, Luis Muriel, Ramiro Enrique, Ivan Angulo, Wilder Cartagena, Cesar Araujo, Facundo Torres, Rafael Santos, Robin Jansson, Rodrigo Adrián Schlegel, Kyle Smith, Pedro Gallese, Yuya Kubo, Ian Murphy, Luca Orellano, Corey Baird, Nicolás Lodeiro]\"}"
https://www.fotmob.com/matches/toronto-fc-vs-cf-montreal/avpq9zx#4387018,mls,2024,"{\"Shirt_Numbers\":\"[]\",\"SPI_Scores\":\"[]\",\"Player_Names\":\"[]\"}"
https://www.fotmob.com/matches/fc-cincinnati-vs-los-angeles-fc/g4d526y5#4386974,mls,2024,"{\"Shirt_Numbers\":\"[]\",\"SPI_Scores\":\"[]\",\"Player_Names\":\"[]\"}"
https://www.fotmob.com/matches/fc-dallas-vs-sporting-kansas-city/1ec8tq#4387291,mls,2024,"{\"Shirt_Numbers\":\"[]\",\"SPI_Scores\":\"[]\",\"Player_Names\":\"[]\"}"
https://www.fotmob.com/matches/new-york-red-bulls-vs-philadelphia-union/90xpssv#4386922,mls,2024,"{\"Shirt_Numbers\":\"[18, 12, 6, 32, 91, 23, 5, 20, 10, 9, 7, 19, 23, 30, 2, 8, 6, 13, 4, 25, 14, 1, 2, 17, 27, 19, 99, 24, 11, 9, 5]\",\"SPI_Scores\":\"[5.6, 6.6, 6.6, 6.1, 6.4, 8.3, 6.4, 6.6, 8.0, 6.1, 6.4, 7.3, 6.7, 7.8, 8.0, 8.3, 7.2, 7.7, 7.1, 6.7, 7.3, 7.0, 7.6, 6.3, 6.2, 6.2, 8.0, 6.4, 6.2, 6.9, 6.2]\",\"Player_Names\":\"[Roman Celentano, Miles Robinson, Chidozie Awaziem, Ian Murphy, DeAndre Yedlin, Luca Orellano, Obinna Nwobodo, Pavel Bucha, Luciano Acosta, Nicholas Gioacchini, Yuya Kubo, Mateusz Bogusz, Kei Ansu Kamara, David Martinez, Omar Campos, Lewis O'Brien, Ilie Sanchez, Cristian Olivera, Eddie Segura, Maxime Chanot, Sergi Palencia, Hugo Lloris, Alvas Elvis Powell, Sergio Santos, Yamil Asad, Kevin Kelsy, Denis Bouanga, Ryan Hollingshead, Timothy Tillman, Olivier Giroud, Marlon]\"}"
https://www.fotmob.com/matches/la-galaxy-vs-los-angeles-fc/4vfdm25v#4386634,mls,2024,"{\"Shirt_Numbers\":\"[1, 7, 25, 4, 29, 14, 21, 77, 8, 20, 9, 10, 23, 20, 26, 6, 8, 18, 4, 24, 14, 1, 22, 16, 10, 23, 22, 9, 30, 19]\",\"SPI_Scores\":\"[8.0, 7.2, 7.4, 7.0, 6.8, 8.1, 6.8, 6.4, 7.1, 6.7, 7.9, 6.7, 7.3, 5.7, 6.8, 6.4, 7.2, 6.6, 6.3, 5.5, 5.9, 6.7, 6.6, 6.4, 6.1, 6.1, 6.7, 5.9, 6.1, 6.3]\",\"Player_Names\":\"[Jimmy Maurer, Paul Arriola, Sebastien Ibeagha, Marco Farfan, Sam Junqua, Asier Illarramendi, Manuel Cafumana, Bernard Kamungo, Sebastian Lletget, Alan Velasco, Petar Musa, Daniel Salloi, William Agada, Alenis Vargas, Erik Thommy, Nemanja Radoja, Memo Rodriguez, Logan Ndenbe, Robert Voloder, Joaquin Fernández, Tim Leibold, John Pulskamp, Ema Twumasi, Tsiki Ntsabeleng, Jesus Ferreira, Logan Farrington, Zorhan Bassong, Alan Pulido, Stephen Afrifa, Robert Castellanos]\"}"
https://www.fotmob.com/matches/fc-cincinnati-vs-charlotte-fc/qpqbgm3g#4386665,mls,2024,"{\"Shirt_Numbers\":\"[31, 6, 15, 3, 47, 17, 48, 75, 9, 13, 11, 7, 28, 10, 16, 11, 21, 27, 3, 5, 15, 18, 12, 20, 7, 22, 16, 33, 9, 14, 31]\",\"SPI_Scores\":\"[7.1, 6.0, 5.9, 7.3, 6.2, 7.6, 6.7, 6.8, 7.2, 6.9, 7.9, 8.6, 8.2, 7.3, 7.9, 6.6, 7.5, 7.2, 7.4, 7.8, 6.9, 8.0, 7.0, 7.1, 5.8, 5.9, 6.2, 6.6, 6.2, 6.2, 6.2]\",\"Player_Names\":\"[Carlos Miguel, Kyle Duncan, Sean Nealis, Noah Eile, John Tolkin, Cameron Harper, Ronald Donkor, Daniel Edelman, Lewis Morgan, Dante Vanzeir, Elias Manoel, Mikael Uhre, Tai Baribo, Daniel Gazdag, Jack McGlynn, Alejandro Bedoya, Danley Jean Jacques, Kai Wagner, Jack Elliott, Jakob Glesnes, Olivier Mbaizo, Andre Blake, Dylan Nealis, Felipe Carballo, Cory Burke, Serge Ngoma, Julian Hall, Quinn Sullivan, Samuel Adeniran, Jeremy Rafanello, Leon Flach]\"}"
https://www.fotmob.com/matches/cf-montreal-vs-inter-miami-cf/8149n4ii#4386834,mls,2024,"{\"Shirt_Numbers\":\"[77, 2, 24, 4, 14, 18, 20, 10, 11, 9, 7, 99, 9, 19, 8, 6, 11, 2, 33, 4, 24, 1, 27, 25, 23]\",\"SPI_Scores\":\"[6.1, 7.5, 7.5, 6.9, 7.2, 8.3, 8.2, 9.6, 8.1, 8.9, 6.8, 8.0, 6.3, 7.1, 6.2, 6.2, 7.8, 5.6, 5.4, 5.8, 4.9, 6.6, 6.3, 6.6, 6.4]\",\"Player_Names\":\"[John McCarthy, Miki Yamane, Jalen Neal, Maya Yoshida, John Nelson, Marco Reus, Edwin Cerrillo, Ricard Puig, Gabriel Pec, Dejan Joveljic, Diego Fagundez, Denis Bouanga, Olivier Giroud, Mateusz Bogusz, Lewis O'Brien, Ilie Sanchez, Timothy Tillman, Omar Campos, Aaron Long, Eddie Segura, Ryan Hollingshead, Hugo Lloris, Miguel Berry, Maxime Chanot, Kei Ansu Kamara]\"}"
https://www.fotmob.com/matches/san-jose-earthquakes-vs-real-salt-lake/1fy443#4387035,mls,2024,"{\"Shirt_Numbers\":\"[]\",\"SPI_Scores\":\"[]\",\"Player_Names\":\"[]\"}"
https://www.fotmob.com/matches/la-galaxy-vs-seattle-sounders-fc/4b9v1wp#4386630,mls,2024,"{\"Shirt_Numbers\":\"[]\",\"SPI_Scores\":\"[]\",\"Player_Names\":\"[]\"}"
https://www.fotmob.com/matches/columbus-crew-vs-los-angeles-fc/4v66tfap#4386917,mls,2024,"{\"Shirt_Numbers\":\"[]\",\"SPI_Scores\":\"[]\",\"Player_Names\":\"[]\"}"
https://www.fotmob.com/matches/toronto-fc-vs-inter-miami-cf/6lnk487r#4387014,mls,2024,"{\"Shirt_Numbers\":\"[77, 2, 25, 4, 14, 18, 20, 10, 11, 9, 28, 13, 93, 11, 10, 7, 18, 5, 25, 4, 16, 24, 8, 6]\",\"SPI_Scores\":\"[8.1, 7.5, 7.5, 7.6, 7.8, 6.4, 7.5, 8.1, 7.4, 7.8, 7.0, 6.6, 7.1, 6.9, 6.4, 7.4, 7.0, 7.7, 6.9, 6.8, 6.6, 7.0, 6.5, 6.2]\",\"Player_Names\":\"[John McCarthy, Miki Yamane, Carlos Garces, Maya Yoshida, John Nelson, Marco Reus, Edwin Cerrillo, Ricard Puig, Gabriel Pec, Dejan Joveljic, Joseph Paintsil, Jordan Morris, Georgi Minoungou, Albert Rusnak, Pedro De la Vega, Cristian Roldan, Obed Vargas, Nouhou Tolo, Jackson Ragen, Nathan, Alex Roldan, Stefan Frei, Marco Delgado, Joao Paulo]\"}"
https://www.fotmob.com/matches/new-england-revolution-vs-vancouver-whitecaps/mopjdus#4386810,mls,2024,"{\"Shirt_Numbers\":\"[1, 31, 4, 18, 23, 27, 25, 6, 17, 10, 9, 99, 9, 19, 24, 20, 6, 14, 33, 25, 3, 1, 19, 21, 8, 4, 11, 13, 23]\",\"SPI_Scores\":\"[6.8, 6.8, 6.9, 7.5, 7.8, 7.3, 7.2, 7.2, 6.3, 7.7, 9.3, 6.7, 7.1, 7.3, 6.5, 6.4, 6.1, 6.8, 5.6, 6.1, 6.5, 5.4, 7.3, 6.5, 6.4, 6.5, 6.5, 5.7, 5.8]\",\"Player_Names\":\"[Nicholas Hagen, Steven Moreira, Rudy Camacho, Malte Amundsen, Mohamed Farsi, Max Arfsten, Sean Zawadzki, Darlington Nagbe, Christian Ramirez, Diego Rossi, Juan Hernández, Denis Bouanga, Olivier Giroud, Mateusz Bogusz, Ryan Hollingshead, Eduard Atuesta, Ilie Sanchez, Sergi Palencia, Aaron Long, Maxime Chanot, Jesus Murillo, Hugo Lloris, Jacen Russell-Rowe, Evgen Cheberko, Lewis O'Brien, Eddie Segura, Timothy Tillman, Cristian Olivera, Kei Ansu Kamara]\"}"
https://www.fotmob.com/matches/austin-fc-vs-st-louis-city/18p7oq02k#4386696,mls,2024,"{\"Shirt_Numbers\":\"[1, 27, 17, 15, 19, 22, 8, 14, 21, 11, 29, 16, 8, 7, 30, 41, 24, 33, 27, 6, 32, 19, 99, 30, 28, 16, 23, 24, 5, 10, 42, 9, 20]\",\"SPI_Scores\":\"[6.1, 7.0, 6.2, 6.7, 6.7, 7.1, 6.9, 7.3, 6.9, 6.9, 6.3, 6.7, 8.1, 6.5, 6.4, 6.8, 6.9, 7.3, 7.2, 6.9, 7.6, 8.6, 6.7, 6.1, 6.6, 6.2, 6.6, 6.1, 7.1, 6.7, 6.0, 6.7, 5.9]\",\"Player_Names\":\"[Sean Johnson, Shane O'Neill, Sigurd Rosted, Nicksoen Gomis, Kobe Franklin, Richie Laryea, Matthew Longstaff, Alonso Coello, Jonathan Osorio, Derrick Etienne, Deandre Kerr, Robert Taylor, Leonardo Campana, Matias Rojas, Benjamin Cremaschi, David Ruiz, Julian Gressel, Franco Negri, Serhiy Kryvtsov, Tomas Aviles, Noah Allen, Oscar Ustari, Prince Osei Owusu, Henry Wingo, Raoul Petretta, Tyrese Spicer, Brandon Servania, Lorenzo Insigne, Sergio Busquets, Lionel Messi, Yannick Bright, Luis Suárez, Diego Gomez]\"}"
https://www.fotmob.com/matches/seattle-sounders-fc-vs-austin-fc/bm6cnh62#4386880,mls,2024,"{\"Shirt_Numbers\":\"[31, 12, 2, 3, 24, 29, 14, 47, 10, 11, 9, 19, 24, 25, 16, 45, 14, 7, 15, 4, 23, 1, 88, 11, 27, 28]\",\"SPI_Scores\":\"[6.9, 6.3, 6.6, 6.9, 6.6, 7.7, 6.8, 8.2, 8.1, 8.2, 7.7, 6.2, 6.5, 8.9, 6.8, 7.5, 5.9, 7.0, 6.1, 6.0, 7.3, 5.3, 6.5, 6.1, 6.4, 5.9]\",\"Player_Names\":\"[Aljaz Ivacic, Nick Lima, David Romney, Xavier Arreaga, DeJuan Jones, Noel Buck, Ian Harkes, Esmir Bajraktarevic, Carles Gil, Dylan Borrero, Giacomo Vrioni, Damir Kreilach, Brian White, Ryan Gauld, Sebastian Berhalter, Pedro Vite, Luis Martins, Ryan Raposo, Bjørn Inge Utvik, Ranko Veselinovic, Javain Brown, Yohei Takaoka, Andrew Farrell, Fabrice Picault, Giuseppe Bovalina, Levonte Johnson]\"}"
https://www.fotmob.com/matches/seattle-sounders-fc-vs-vancouver-whitecaps/182zyoyi#4386816,mls,2024,"{\"Shirt_Numbers\":\"[]\",\"SPI_Scores\":\"[]\",\"Player_Names\":\"[]\"}"
https://www.fotmob.com/matches/seattle-sounders-fc-vs-vancouver-whitecaps/182zyoyi#4387051,mls,2024,"{\"Shirt_Numbers\":\"[1, 17, 18, 4, 29, 6, 8, 33, 10, 11, 9, 17, 23, 10, 14, 6, 18, 5, 25, 28, 16, 24, 5, 14, 11, 13, 21]\",\"SPI_Scores\":\"[7.5, 6.7, 7.8, 5.1, 6.7, 6.2, 6.6, 6.1, 7.3, 5.7, 5.3, 6.1, 6.8, 6.0, 7.7, 7.8, 7.8, 7.3, 7.0, 7.5, 7.4, 8.1, 6.2, 6.4, 6.8, 7.5, 6.2]\",\"Player_Names\":\"[Brad Stuver, Jon Gallagher, Julio Cascante, Brendan Hines-Ike, Guilherme, Daniel Pereira, Alexander Ring, Owen Wolff, Sebastian Driussi, Jader Obrian, Gyasi Zardes, Danny Musovski, Leo Chu, Pedro De la Vega, Paul Rothrock, Joao Paulo, Obed Vargas, Nouhou Tolo, Jackson Ragen, Yeimar Gomez, Alex Roldan, Stefan Frei, Jhojan Valencia, Diego Rubio, Albert Rusnak, Jordan Morris, Reed Baker-Whiting]\"}"
https://www.fotmob.com/matches/chicago-fire-fc-vs-fc-cincinnati/3dyh3rhy#4386587,mls,2024,"{\"Shirt_Numbers\":\"[1, 2, 4, 6, 16, 45, 20, 8, 3, 24, 11, 13, 14, 11, 93, 18, 7, 5, 25, 28, 16, 24, 28, 15, 13, 18, 23, 21, 8, 17, 10]\",\"SPI_Scores\":\"[5.8, 6.1, 5.6, 6.4, 7.1, 7.3, 5.9, 5.9, 6.8, 6.4, 4.6, 8.0, 8.0, 8.8, 8.0, 7.3, 7.2, 8.0, 7.2, 7.6, 7.6, 7.5, 6.0, 6.1, 6.4, 6.1, 6.2, 6.0, 6.0, 6.1, 5.8]\",\"Player_Names\":\"[Yohei Takaoka, Mathias Laborda, Ranko Veselinovic, Tristan Blackmon, Sebastian Berhalter, Pedro Vite, Andrés Cubas, Alessandro Schöpf, Sam Adekugbe, Brian White, Fabrice Picault, Jordan Morris, Paul Rothrock, Albert Rusnak, Georgi Minoungou, Obed Vargas, Cristian Roldan, Nouhou Tolo, Jackson Ragen, Yeimar Gomez, Alex Roldan, Stefan Frei, Levonte Johnson, Bjørn Inge Utvik, Ralph Priso-Mbongue, Edier Ocampo, Deiber Caicedo, Reed Baker-Whiting, Joshua Atencio, Danny Musovski, Pedro De la Vega]\"}"
https://www.fotmob.com/matches/inter-miami-cf-vs-charlotte-fc/xaxy0ocy#4386965,mls,2024,"{\"Shirt_Numbers\":\"[1, 2, 4, 6, 16, 45, 20, 8, 3, 24, 11, 13, 14, 11, 93, 18, 7, 5, 25, 28, 16, 24, 28, 15, 13, 18, 23, 21, 8, 17, 10]\",\"SPI_Scores\":\"[5.8, 6.1, 5.6, 6.4, 7.1, 7.3, 5.9, 5.9, 6.8, 6.4, 4.6, 8.0, 8.0, 8.8, 8.0, 7.3, 7.2, 8.0, 7.2, 7.6, 7.6, 7.5, 6.0, 6.1, 6.4, 6.1, 6.2, 6.0, 6.0, 6.1, 5.8]\",\"Player_Names\":\"[Yohei Takaoka, Mathias Laborda, Ranko Veselinovic, Tristan Blackmon, Sebastian Berhalter, Pedro Vite, Andrés Cubas, Alessandro Schöpf, Sam Adekugbe, Brian White, Fabrice Picault, Jordan Morris, Paul Rothrock, Albert Rusnak, Georgi Minoungou, Obed Vargas, Cristian Roldan, Nouhou Tolo, Jackson Ragen, Yeimar Gomez, Alex Roldan, Stefan Frei, Levonte Johnson, Bjørn Inge Utvik, Ralph Priso-Mbongue, Edier Ocampo, Deiber Caicedo, Reed Baker-Whiting, Joshua Atencio, Danny Musovski, Pedro De la Vega]\"}"
https://www.fotmob.com/matches/san-jose-earthquakes-vs-vancouver-whitecaps/motubfc#4387026,mls,2024,"{\"Shirt_Numbers\":\"[]\",\"SPI_Scores\":\"[]\",\"Player_Names\":\"[]\"}"
https://www.fotmob.com/matches/sporting-kansas-city-vs-colorado-rapids/1u9b8v#4386987,mls,2024,"{\"Shirt_Numbers\":\"[]\",\"SPI_Scores\":\"[]\",\"Player_Names\":\"[]\"}"
https://www.fotmob.com/matches/san-jose-earthquakes-vs-new-york-city-fc/1y7b7uig#4386776,mls,2024,"{\"Shirt_Numbers\":\"[1, 15, 4, 6, 22, 45, 13, 8, 3, 11, 25, 23, 19, 10, 3, 14, 30, 28, 15, 26, 29, 42, 16, 2, 18, 94, 17, 6, 9]\",\"SPI_Scores\":\"[7.8, 7.0, 7.2, 7.9, 7.0, 8.3, 6.6, 7.1, 7.1, 8.6, 9.1, 5.8, 5.8, 6.5, 6.3, 6.4, 6.4, 6.4, 6.9, 6.5, 6.4, 8.4, 6.4, 7.0, 6.7, 6.6, 5.7, 6.2, 6.0]\",\"Player_Names\":\"[Yohei Takaoka, Bjørn Inge Utvik, Ranko Veselinovic, Tristan Blackmon, Ali Ahmed, Pedro Vite, Ralph Priso-Mbongue, Alessandro Schöpf, Sam Adekugbe, Fabrice Picault, Ryan Gauld, Hernan Lopez, Preston Judd, Cristian Espinoza, Paul Marie, Jackson Yueill, Niko Tsakiris, Benjamin Kikanovic, Tanner Beason, Rodrigues, Carlos Akapo, Daniel, Sebastian Berhalter, Mathias Laborda, Edier Ocampo, Vitor Costa, Ousseni Bouda, Alfredo Morales, Amahl Pellegrino]\"}"
https://www.fotmob.com/matches/fc-dallas-vs-vancouver-whitecaps/mnroj1i#4387025,mls,2024,"{\"Shirt_Numbers\":\"[1, 11, 19, 3, 18, 8, 22, 7, 9, 30, 23, 9, 7, 10, 14, 23, 20, 99, 34, 5, 2, 95, 14, 26, 10, 54, 18, 11, 21, 27, 4]\",\"SPI_Scores\":\"[6.8, 7.8, 6.8, 7.2, 7.8, 7.5, 7.8, 7.7, 9.2, 8.5, 7.9, 6.4, 6.4, 7.2, 5.8, 4.9, 5.7, 5.2, 6.5, 5.1, 6.2, 6.0, 6.4, 8.9, 7.3, 6.5, 6.1, 6.2, 6.4, 6.0, 6.4]\",\"Player_Names\":\"[John Pulskamp, Khiry Shelton, Robert Castellanos, Andreu Fontàs, Logan Ndenbe, Memo Rodriguez, Zorhan Bassong, Johnny Russell, Alan Pulido, Stephen Afrifa, William Agada, Rafael Navarro, Jonathan Lewis, Djordje Mihailovic, Calvin Harris, Cole Bassett, Connor Ronan, Jackson Travis, Michael Edwards, Andreas Maxsø, Keegan Rosenberry, Zack Steffen, Tim Leibold, Erik Thommy, Daniel Salloi, Rémi Walter, Oliver Larraz, Omir Fernandez, Jasper Löffelsend, Kimani Stewart, Reggie Cannon]\"}"
